,year,date,all_2534,HS_2534,SC_2534,BAp_2534,BAo_2534,GD_2534,White_2534,Black_2534,Hisp_2534,NE_2534,MA_2534,Midwest_2534,South_2534,Mountain_2534,Pacific_2534,poor_2534,mid_2534,rich_2534,all_3544,HS_3544,SC_3544,BAp_3544,BAo_3544,GD_3544,White_3544,Black_3544,Hisp_3544,NE_3544,MA_3544,Midwest_3544,South_3544,Mountain_3544,Pacific_3544,poor_3544,mid_3544,rich_3544,all_4554,HS_4554,SC_4554,BAp_4554,BAo_4554,GD_4554,White_4554,Black_4554,Hisp_4554,NE_4554,MA_4554,Midwest_4554,South_4554,Mountain_4554,Pacific_4554,poor_4554,mid_4554,rich_4554,work_2534,nowork_2534,work_HS_2534,work_SC_2534,work_BAp_2534,work_BAo_2534,work_GD_2534,nowork_HS_2534,nowork_SC_2534,nowork_BAp_2534,nowork_BAo_2534,nowork_GD_2534,work_White_2534,work_Black_2534,work_Hisp_2534,nowork_White_2534,nowork_Black_2534,nowork_Hisp_2534,work_poor_2534,work_mid_2534,work_rich_2534,nowork_poor_2534,nowork_mid_2534,nowork_rich_2534,nokids_all_2534,kids_all_2534,nokids_HS_2534,nokids_SC_2534,nokids_BAp_2534,nokids_BAo_2534,nokids_GD_2534,kids_HS_2534,kids_SC_2534,kids_BAp_2534,kids_BAo_2534,kids_GD_2534,nokids_poor_2534,nokids_mid_2534,nokids_rich_2534,kids_poor_2534,kids_mid_2534,kids_rich_2534
1,1960,1960-01-01,0.837544766073559,0.84993462144157,0.815519614493302,0.775219709468719,0.775219709468719,1,0.845381580302471,0.796192061083647,0.8218327864846939,0.809489425100704,0.796475386208388,0.849599843408723,0.856673674362602,0.874639517708161,0.827600253143504,0.830873247002941,0.9014688880593499,0.716772366525368,0.9175652132959163,0.9136956992780711,0.937581372614366,0.9089357270179999,0.9089357270179999,1,0.9212828796238669,0.889561730697501,0.9116871717686424,0.903021045678689,0.897633205827408,0.9168532241211583,0.9295682872166673,0.9400814440301068,0.923387467170703,0.879983980544527,0.9483317962035454,0.893747251756544,0.9257693764956458,0.9233388148459759,0.9438295299389446,0.9174651712709281,0.9174651712709281,1,0.9275007907683127,0.9200270938993943,0.9237299790048866,0.9070425838442725,0.9113456343179672,0.9237811179526417,0.9384571688368051,0.9448893023972782,0.9279410857685618,0.880770191096117,0.9533279097472636,0.9171956240349031,0.882917813998102,0.733328467746649,0.893818927978318,0.867186001579327,0.826131408141037,0.826131408141037,1,0.7598467770301001,0.64045544694716,0.6539249969854091,0.6539249969854091,1,0.886351398125075,0.859216424427066,0.885962424929838,0.7378361838255749,0.729589810798063,0.725598446330766,0.891533074378261,0.92732653312566,0.78530780690472,0.766369473014836,0.8165474858687101,0.518910634947416,0.504678933953282,0.9980349614934879,0.521464028724357,0.47750585157648395,0.442285224705974,0.442285224705974,1,0.9976535606577412,0.998884001511235,0.9997612276718026,0.9997612276718026,1,0.47516198944894605,0.566500647715295,0.47054078165632196,0.9959797523167266,0.998836662667256,0.9984567243003881
2,1970,1970-01-01,0.844590729333344,0.85877693805485,0.8276790440898429,0.800923181163716,0.800923181163716,1,0.852739002471465,0.791464349603884,0.851110302147798,0.818814814814815,0.806908960057575,0.858986308414219,0.862152202479575,0.870928829915561,0.821454408658159,0.809795116926593,0.9015191897654584,0.7654352355302609,0.9212896083381712,0.9185719105205792,0.9323937866474643,0.9150827083119285,0.9150827083119285,1,0.9264852218834688,0.878167549167927,0.9275042087542087,0.9043897047213011,0.897933534743202,0.9281450672606721,0.9291504719600222,0.9463253509496284,0.9207211410290589,0.874837621256854,0.9485751993605591,0.917994867902707,0.9352714191692887,0.9313661878768758,0.9513942439242805,0.9358504398826979,0.9358504398826979,1,0.9380872128680469,0.9080627508208683,0.9416289592760181,0.9208622249020199,0.9197312014830263,0.9353752769008041,0.9434045689019896,0.9568281938325991,0.9422647635797876,0.879450533705853,0.9594256106052248,0.9433145043402934,0.887569855864533,0.722083891974718,0.898960749411151,0.874392675325681,0.850194428507682,0.850194428507682,1,0.747783764992178,0.660716756607168,0.7034186955973261,0.7034186955973261,1,0.8920600568104959,0.850400900267267,0.895865237366003,0.72626890408121,0.7009719222462201,0.766622864651774,0.872516510920501,0.9217531261607033,0.826377665109483,0.720536619608455,0.816767502160761,0.5669790915645281,0.558178409810032,0.9969076027253735,0.557051946129939,0.5597084367245659,0.559474671669794,0.559474671669794,1,0.9957296124983206,0.9990824095429408,0.9996140188358809,0.9996140188358809,1,0.47959597781485297,0.630192984123966,0.540527034680348,0.9930673741115227,0.9982600246308202,0.9980702963473467
3,1980,1980-01-01,0.762699761094684,0.791850044573734,0.743560717787645,0.716583819673144,0.716583819673144,1,0.776487318623009,0.666351247107225,0.7796712747658789,0.717877380684492,0.710332036222133,0.782785024795937,0.798590562347026,0.782182548360802,0.713678938557534,0.6487110746284299,0.826019633750833,0.750090638664052,0.9228371129809917,0.922083830973099,0.928867926541675,0.912968115677599,0.912968115677599,1,0.9304055689599975,0.865366912151499,0.9129206064127621,0.9122603310706205,0.8961467524051641,0.9324741160259409,0.9343973249674509,0.940296631473102,0.9074840562571272,0.8572959604286889,0.946738841806554,0.9411366322716673,0.940542448000468,0.9381314265187913,0.9489232653853911,0.9359076082165212,0.9359076082165212,1,0.9450040791040804,0.9044792766237129,0.9337006817138215,0.9263234132209639,0.9198538959325219,0.943853290910751,0.9492537985115348,0.959898970273946,0.9388776235746451,0.878173999531945,0.9617575651207348,0.9604828090709583,0.81284091220017,0.656928086156729,0.845473138907343,0.793129431978683,0.77053222997623,0.77053222997623,1,0.701104051135,0.6095556758352609,0.593894542090657,0.593894542090657,1,0.820412545786666,0.746327187591454,0.825737709443233,0.6686719438773829,0.577180770067435,0.716840480403599,0.698148362681495,0.844411028726294,0.818341605839416,0.60788877905679,0.768822705730289,0.547459302023197,0.5319588349073701,0.9935777852533717,0.5400945022193699,0.52688741066792,0.524399667142178,0.524399667142178,1,0.9915731637027594,0.995158733805017,0.9979549657347982,0.9979549657347982,1,0.41229845485164596,0.593343048493117,0.563681176947866,0.9814980289093298,0.9963309415106686,0.9978634217808888
4,1990,1990-01-01,0.650805038046522,0.6605320497121749,0.667079638775412,0.6097529952627709,0.596672696660437,0.646960539439249,0.678552450159257,0.49386403533988,0.65356755263736,0.59483797431266,0.5846837020633411,0.675340381539422,0.6893393491670581,0.690668430171011,0.604015928216444,0.531840394645378,0.718917393670234,0.637186023411796,0.873008550585421,0.861898057428833,0.88702278234609,0.873823643125916,0.8680990820214249,0.882451777795577,0.885869135205487,0.775504280871084,0.867127397348392,0.857002928595552,0.8430721454286569,0.886566182938357,0.891124458682185,0.888657408947439,0.843913908424579,0.771311432623967,0.9045019964931108,0.9121104084689352,0.9350246579725294,0.9279420050731398,0.9489627448607806,0.9358151244552118,0.9363017212951797,0.9352819991769875,0.9420403224996737,0.882083625592968,0.9212624257734326,0.925363318128779,0.9127979696612709,0.9416833983263336,0.9445607763023494,0.9479874892895489,0.9249625749460695,0.8669273408870191,0.9564284655333889,0.9613525837728909,0.704825462608628,0.538695083220692,0.729291840085629,0.715592339948241,0.65133597300188,0.638424861201078,0.690339821931908,0.557075213624914,0.537474889684803,0.47468238445439304,0.45169811412711103,0.5290407169408979,0.721042760632199,0.588774425368335,0.701410613707937,0.566527395377877,0.39506426850919396,0.596794474267909,0.5587065486781899,0.745195729969804,0.7139999027696999,0.509426947617318,0.6330793128865331,0.44001447287886797,0.424632638301359,0.974570911317393,0.417936366280255,0.43940162788125003,0.420193637037655,0.40738620454879604,0.45817027193623805,0.9635441874153485,0.9825850726143136,0.9930373400811641,0.9920511299328058,0.9956229082509503,0.32419464483620997,0.465001191314138,0.464239033473538,0.9307986251655084,0.9848004188417061,0.9910543466064313
5,2000,2000-01-01,0.608086983485843,0.620287179503076,0.622139265553061,0.570951545271883,0.5565999271335851,0.6112149491086589,0.630743595665448,0.49731346311938396,0.634320031896189,0.536707774660215,0.534306620578521,0.620702358633521,0.6487735481180921,0.6426691946807199,0.571335043239598,0.457270634735233,0.658226575090014,0.6618867009333049,0.8215548492188041,0.800857409983353,0.8388708364160931,0.839499950933752,0.830607096191376,0.855300983167766,0.839418626010915,0.7041559794866821,0.824926911084544,0.8044189358304921,0.79151028149486,0.832920576198365,0.838430844444798,0.836348886732048,0.795281104933772,0.684756119005898,0.858900584787085,0.887082150450772,0.9031958058635363,0.887142614964724,0.9141357715435481,0.9135052837870123,0.9073146629997025,0.9219140015742524,0.9123396813696897,0.8283741899581449,0.9003560388730942,0.891231120174553,0.881737267183122,0.9090393889903419,0.9161412852333819,0.9093423014970909,0.88680329190664,0.7996380611148259,0.9303001229547944,0.9525979885923535,0.6494816826812879,0.522848833762336,0.6683010130595519,0.6635367231206479,0.60867359897845,0.5941603641732109,0.65271899621629,0.552110868659591,0.508158805629267,0.45281994000847803,0.42846087583777503,0.507151634436148,0.668395372835382,0.547860852127797,0.657586387043809,0.521094369646333,0.43989265538240896,0.606740292952167,0.47137293537906,0.678743363362551,0.704997378603065,0.445172386247385,0.5914761166030851,0.558463832654134,0.402342159439281,0.9421793461248394,0.40774537635710595,0.39988270200417797,0.396734914709871,0.37971089827205295,0.445251263300648,0.9200810080479664,0.9527020223045929,0.9805277527401742,0.9782407457143983,0.9867142943633832,0.277564609138787,0.413287031843511,0.513310213249653,0.857740235149623,0.9587096660477218,0.9793635558880527
6,2001,2001-01-01,0.600259822457453,0.606835718275679,0.614845620793079,0.5744863197383789,0.5573599765252071,0.62106165408391,0.624004047349173,0.463145619391788,0.620288105906208,0.518987313724686,0.522763255416357,0.620013308847318,0.639973941441905,0.642375675141741,0.5605280027163819,0.43916187688713404,0.640291883765534,0.6821462751370919,0.823062529704203,0.804928325621364,0.837658728555287,0.839000938764089,0.832849678048504,0.850324277517226,0.837823802770408,0.7025588989276961,0.836642698211622,0.815512329595723,0.796305952228638,0.832869451286411,0.841449040252725,0.832537045464008,0.792100131592335,0.673181586156484,0.853900080135304,0.9114619110507849,0.9053916481637471,0.894496598804903,0.9143338761707251,0.9111760088689848,0.9053493153786583,0.9195422827917359,0.9141082555674908,0.832348662643117,0.9022686332421979,0.8954731260563971,0.885806385086819,0.9099941566404841,0.9163805565869948,0.916183089677297,0.89062355102777,0.800674024223857,0.9275532311376303,0.96764771285962,0.638726909406703,0.501320659797586,0.650224445218383,0.6530369114212791,0.607435783786599,0.592402481504556,0.6511931211987281,0.515533698200218,0.5007924906198731,0.471496391062892,0.43922090058889396,0.543357583082804,0.658777643965781,0.508136124603047,0.6508863327603069,0.52141771726647,0.379861455960806,0.548639711278611,0.4617405628125,0.6571420087743189,0.717514678978799,0.41496387908006305,0.5811612720714769,0.5339869029487609,0.37836985880667495,0.9445324371908074,0.35982607977064895,0.384365330196041,0.39711741208935303,0.375691687300707,0.45619712148523694,0.923591918894398,0.9535891713062506,0.980526178167166,0.978359990056964,0.9862352852244068,0.264630862637649,0.39096364471841905,0.48964069761280404,0.862469566564756,0.9579035564048264,0.9756492959306348
7,2002,2002-01-01,0.6030353147618039,0.6045299670022131,0.6185761828786109,0.584719047501813,0.570444721774665,0.623712899345725,0.6278514349857081,0.465124144318216,0.620472917174903,0.543039176426653,0.528060845658325,0.619069858911504,0.636130896188503,0.64982144852758,0.568811182432619,0.44520694306145503,0.640354820849646,0.6865585972231081,0.81954522499963,0.805752166103225,0.829347000694979,0.832407222534691,0.82424673500341,0.847745955941793,0.835589539904399,0.71196936967498,0.815558937294319,0.788653946068013,0.791153207129764,0.82806437058822,0.840727958225332,0.83801229121357,0.789327429135082,0.6742756067325659,0.846740629740121,0.9109766758192646,0.898863258979427,0.887992576417099,0.9051753111139436,0.9072746135956997,0.9023682706061351,0.9144174633537747,0.9067027040472722,0.8173512707980191,0.911811097586273,0.88332728859697,0.877224856570836,0.9035645965111496,0.9122130571909106,0.9164998355408807,0.879405229542602,0.785580313401623,0.9228684795087565,0.9650786128224955,0.6428201024946101,0.5103876392257489,0.6434501123927701,0.658805084532782,0.625671247644785,0.6129789033769371,0.661787666853367,0.5292755641753171,0.510106606889235,0.471350693262483,0.44774254886353604,0.529172420413679,0.665988699442182,0.514279057984782,0.650593717411446,0.528440884228496,0.38109967097250597,0.553900752972304,0.46729607260334005,0.657675818235655,0.722987881812128,0.423879076419706,0.587193230139743,0.5417408517711619,0.37903995086075903,0.9441800699924259,0.355273327514799,0.38808409864330295,0.402597363199241,0.386078006439619,0.448574552708788,0.9235645445220467,0.9494730271442438,0.9838683062900248,0.9810097680984473,0.9913681702097835,0.26455304243280797,0.39166505684890396,0.48844362477164605,0.852965088830238,0.959347120146349,0.9809073082532257
8,2003,2003-01-01,0.592670254328205,0.596699904432846,0.60533675540336,0.5734175077207699,0.552120945296214,0.633423220877823,0.619711543181961,0.44326577342086904,0.613773474724028,0.53274039152557,0.499380115558555,0.607874499271831,0.6338833499932299,0.644497677171074,0.551979880808679,0.428581901713057,0.6282239537668199,0.685664400775445,0.819129983485443,0.804423136070881,0.82692604029273,0.834910587478078,0.825779066859416,0.85150518875326,0.8359319068690461,0.694014965216495,0.8320926492324789,0.799603766636291,0.786568118218701,0.830196986077231,0.835287826256523,0.845733722017938,0.793797680449599,0.675323167449116,0.846034172965885,0.9115138327056307,0.895205763336272,0.882608189322487,0.9022641024443498,0.9055232987420962,0.896141362429025,0.9191350840033725,0.9048756252338495,0.811641154012125,0.897081473373777,0.891358456773709,0.872308639226265,0.9034465179830458,0.905602010443297,0.9089291210041079,0.876553463559535,0.775681241940609,0.9199102947514572,0.9656819270161447,0.6341000515745,0.49558174868479,0.640597259330254,0.6514534885929659,0.607874545948442,0.5856477137674361,0.675194339025614,0.512367083231975,0.48395801239470304,0.472586897456317,0.44643544491256604,0.5329968915883909,0.65658808934291,0.517034743946578,0.638653516917238,0.521387985364755,0.329877699216511,0.556171720372573,0.45623405253584803,0.643492267096082,0.724163102117279,0.40271431909743405,0.579254820509425,0.5357376756672361,0.370201512338425,0.9399956876363526,0.349321210092275,0.376258216429073,0.392074232464225,0.372785898584696,0.45000670397827003,0.9207261510105897,0.9439034207061531,0.9775104404205418,0.973806956030021,0.98661988693742,0.25091301524126797,0.38190401698725096,0.48870536832245604,0.855223563090465,0.950377680087725,0.9797043540315805
9,2004,2004-01-01,0.5893333257020781,0.588498979455863,0.605797029530095,0.5739269398467459,0.552405021191943,0.6313090433127411,0.615645907996229,0.43341119225193603,0.6077899863703671,0.49855695786034904,0.505288087806192,0.606012018120685,0.6291150890605239,0.6333697462812751,0.5512754194532721,0.43189178910799,0.623472470909437,0.6818542116747239,0.812621992498621,0.792185933266164,0.826200503526617,0.831550958117153,0.819197134153459,0.854188238490743,0.830683873233254,0.697027773582287,0.812311023569869,0.790193234132503,0.786203999006932,0.829166409665733,0.825586505120034,0.819197955717279,0.7900510896763759,0.6569032489341,0.841531988900497,0.9117984971411675,0.891040909706273,0.87922948631628,0.9014318507234772,0.89772154102499,0.890677592562911,0.9085842215863756,0.9000931811588984,0.806690984405435,0.899216136280802,0.878515914755983,0.8724935787481,0.894812233372417,0.9052693303566698,0.895688280703364,0.872688448796509,0.772761746534778,0.9139143415806443,0.9642307505256223,0.629905395129874,0.49651663966148596,0.631336651782446,0.646521112230247,0.611532155013513,0.589102805051672,0.6743014834676551,0.509299916295002,0.499906039415803,0.46540145710137504,0.440910814916755,0.522497100889061,0.6524125776862479,0.49211662929364997,0.631691710158296,0.5220198222315799,0.34155810499666095,0.551981910059947,0.44817610944405195,0.640188855288893,0.7241869918156429,0.41661746602765604,0.571857893807473,0.520055317976301,0.36823517697742003,0.9356698767164098,0.347153503437973,0.36971161290783106,0.394352133155321,0.373719671515122,0.45248677794690495,0.9098577548132702,0.948744151703427,0.9743778776286712,0.9706749770663832,0.9831474818683148,0.26100762300036595,0.378318772554765,0.48012349409855903,0.84361668352232,0.9490209264979935,0.9752068820251713
10,2005,2005-01-01,0.576792828824567,0.569854078431982,0.591255848813554,0.572944108712883,0.5497534667758199,0.636657853169425,0.601777662020232,0.433118681486208,0.5963756681861649,0.5026714378476049,0.490216707738509,0.5920424252979559,0.6141523461941321,0.613659713615855,0.5455698132899349,0.41584906972815605,0.609398590472251,0.673910996007119,0.811266376735748,0.789689838118127,0.822076173041786,0.834189940848764,0.8217582907213921,0.856533337912851,0.826834817573913,0.696336120554836,0.817074306311946,0.793512630980273,0.782049328250737,0.825949042232123,0.8278823927990691,0.818270980731967,0.783092509549909,0.657964926012973,0.836979405882507,0.91347229985217,0.8840632698905639,0.868671836223612,0.893118162387093,0.897739505202214,0.890262609376693,0.9089792189255633,0.893727429085778,0.800182415873721,0.889485012570194,0.879668022433259,0.86387948940571,0.888671514073484,0.89488505785044,0.8933911029735719,0.868574560580786,0.754316599543589,0.9091196620286398,0.9647886680410223,0.620522558731524,0.47834496376469304,0.623829164771287,0.631669548250521,0.604445962463467,0.5826916662441199,0.668025610239257,0.47326668299699803,0.485392507497305,0.48196434880455097,0.44831505672070504,0.56000236506212,0.642295943719309,0.49024143957133004,0.626359729573178,0.49824128440367,0.3467067071801,0.529802263894011,0.43732569609127003,0.627380666893463,0.7196195320687939,0.39648654553614104,0.5540106503768689,0.505405587291031,0.358708386296813,0.9295757822137072,0.334638793723385,0.358504854093155,0.39210055515237796,0.36858009071111497,0.46025365702506005,0.899520927286,0.942459837063848,0.9784180632207776,0.9750420773805425,0.9866869337250113,0.24912648253343594,0.370343399917619,0.46848018291981897,0.8257701929975549,0.9423839787069463,0.9782288486095922
11,2006,2006-01-01,0.534462401360696,0.5182155522073311,0.5563023668949261,0.540880720840465,0.520847767078895,0.596914586711898,0.5657913892728019,0.37336097398692003,0.5513261939852441,0.464454098645383,0.45466536677173497,0.558715216587205,0.565413750304502,0.576611318545758,0.495320672699466,0.397177813939247,0.586278190461066,0.568182432708478,0.784864044448344,0.748700285131014,0.805244847391262,0.824160651616188,0.812564743599793,0.84510314652631,0.8072395998533071,0.643724384444514,0.788773448937208,0.758782892356337,0.74882744754721,0.79705203384383,0.803144463770848,0.802568764018416,0.759834593873999,0.646408949792856,0.824864618596681,0.846249598912473,0.863923320115602,0.838375363294245,0.879629840901077,0.888699539714839,0.880381850767368,0.9017496201638722,0.877282473088015,0.75557828750461,0.8688944165095001,0.84689008861803,0.839180325598629,0.871368660588191,0.87654759722418,0.873884340532292,0.847975671900371,0.7376772361960919,0.9008532874242691,0.91729101578605,0.584967195884921,0.429979395417206,0.5810999339409271,0.599140503881632,0.57640893975062,0.556825090694561,0.633724032567963,0.417565501362975,0.451951371995568,0.437447679705404,0.41110255835493803,0.502369804084036,0.611483386639183,0.45042825028300104,0.582035568098161,0.457377969909456,0.284728970882558,0.483517199332798,0.421331926008253,0.608092842730544,0.656143019384199,0.37223353596473396,0.518871626116554,0.38332151868978703,0.333101025238733,0.9223539294677667,0.31173511374101104,0.341298888259597,0.360824391288172,0.340574186945387,0.419777508620662,0.891058621098359,0.9364110486195708,0.9733491555005472,0.9696023770117748,0.9828972535328963,0.24260312383747495,0.357217498087144,0.386116888424167,0.81123175862562,0.9395555232149668,0.9764654309018012
12,2007,2007-01-01,0.522851128264787,0.505947659582284,0.5383800627531601,0.53688203823363,0.512122271363351,0.605020292413572,0.553771399903792,0.358963339406665,0.543298851871026,0.45427729307461195,0.446173920099885,0.5438789568882,0.551906239941513,0.567453369881306,0.486766519843454,0.38172529542176203,0.5841653904270521,0.5561184610314189,0.781509657085787,0.744116158097722,0.800854242075644,0.8221124985538499,0.808570592369127,0.847082879861154,0.8060559057018319,0.645745750934266,0.774059268766808,0.7670838125778621,0.749353716187162,0.7946181223041611,0.7995327156916601,0.786389089445123,0.753792618334697,0.6363921071604051,0.821363331379087,0.847332129105135,0.860963184879064,0.836329795517096,0.875583184392317,0.886216638544398,0.8765356293029221,0.9017472734855638,0.875876720119853,0.745003318550698,0.865578118675894,0.851638155039576,0.838181115590841,0.868515037196262,0.872428773634842,0.872564162603229,0.842597993356915,0.7321957146584219,0.898062185214699,0.9157766107638978,0.575874194727692,0.41534642016826795,0.573454710802481,0.585663035729343,0.569632602091244,0.5468336206315421,0.636543673444668,0.400418963312029,0.426303548607872,0.442698946775149,0.405433947265214,0.52876905647847,0.6013656147259581,0.44544589905853604,0.5744356618580411,0.44446165625843703,0.258176661715805,0.474997902629957,0.405225754745948,0.6090706483704991,0.646698146264703,0.356091089407062,0.508641185133376,0.37236516471024605,0.31826620570182196,0.9179528271551115,0.294275659094664,0.317102521702483,0.35858763154500195,0.33566945960555306,0.42560854067058695,0.887894654729936,0.926772340486633,0.9728541385372738,0.9682821743996621,0.9837722786795647,0.22413265315105801,0.34765914257543795,0.375482224018449,0.808571041209209,0.9388441988944627,0.9690416441992618
13,2008,2008-01-01,0.508944203253914,0.49014151583212295,0.521649822484766,0.526083363962726,0.49993564935937196,0.598524835364254,0.5415066988513291,0.354174931404321,0.51902544100322,0.43560623194305703,0.42916013508330597,0.531698194952844,0.543369356576828,0.539650546246512,0.46988776843704605,0.35857184041483603,0.5696835147614749,0.544090392658518,0.77561353199593,0.733681785525815,0.7934091359075119,0.82043238983435,0.8081400342370411,0.8428486942839419,0.802777840489049,0.631746802942774,0.765913183149252,0.7705306515877011,0.738514181298993,0.7917236773377749,0.796866290549927,0.77806514623833,0.739249073969215,0.6291997214970579,0.814379208130919,0.8446419638317311,0.851539226805831,0.821053293386984,0.868859393662505,0.881106479290123,0.8704850955174059,0.898375854673406,0.867230329301852,0.729201565871456,0.857099626711172,0.844364598921905,0.820940796032954,0.859809545140879,0.864662375164427,0.85883007743214,0.836311096509165,0.717559474520271,0.890348986312656,0.9117196631130556,0.5624798589165789,0.371214617416188,0.5597231726127301,0.565959779523302,0.5624209675141549,0.5354887326415,0.6391122682324679,0.36518501889011,0.384644880266792,0.37042048127662297,0.34162719478761905,0.441609376994215,0.589536656513759,0.43075920977638904,0.554888633261132,0.397509901568571,0.24575737571242295,0.42410165759614205,0.38018819568594,0.596625421112569,0.6349109680982701,0.33115809906607296,0.45701907089571403,0.318487074503647,0.30614670011157197,0.911851447646611,0.28360067450591797,0.302131624049671,0.34531672685827297,0.318987031748877,0.42182560433859295,0.875421596615341,0.9215348568270855,0.9728528641422715,0.9671909515036526,0.9868550794611467,0.20881663241315196,0.334573068262646,0.364295129663905,0.7833138982480881,0.9346311489236642,0.9699575212696975
14,2009,2009-01-01,0.48545141095673205,0.464045521815702,0.499829448334548,0.503342365550741,0.473736547483421,0.585470074134981,0.518622742443442,0.33412083271039195,0.492881849618637,0.42240134704269305,0.40518879622824,0.49725529665841195,0.5232299895855139,0.525387465869591,0.447593199466911,0.34806896730108805,0.531209601714986,0.5314265162888421,0.77107475788459,0.72144514046414,0.7906239120003851,0.825208023738779,0.813073105289473,0.846524478922976,0.799152963066048,0.6232858554842771,0.7599087285321859,0.761230184778552,0.731849339836038,0.788147838982113,0.788526282094454,0.779924791125167,0.7417719019083411,0.613124456964923,0.812760367820342,0.845870122292783,0.846445739866163,0.814706862280222,0.86074697453682,0.882860909210326,0.875191228420413,0.895367916193361,0.864329826054292,0.718138779599124,0.84614860331707,0.844564153834953,0.822791574935446,0.856258903986185,0.857167467634016,0.854499338541223,0.826450115611544,0.704883642090088,0.887710151162845,0.9069843221348931,0.542842683047271,0.36684067469204495,0.536876333201288,0.551133077800933,0.541473545886834,0.511412772728812,0.6256183353895151,0.36471433251846097,0.37512952468374305,0.360866258109831,0.33135702617178997,0.440041316994526,0.570075457834857,0.415270105995009,0.531635675943782,0.39267636047310095,0.24121574768287202,0.41713511512607904,0.36632421213063104,0.5580655136017569,0.6312890407774969,0.33160555978958495,0.44389593694892704,0.307976190178886,0.287819647305918,0.9042810251262754,0.25567310589236003,0.29282596718990395,0.328795057458112,0.30273671397685,0.40651008343820405,0.86689070461847,0.9103491937093146,0.9700682177908487,0.9643344335857841,0.9833186931088356,0.19298308754401305,0.304861202698571,0.355858566561164,0.777213914735597,0.9253476785230136,0.9689830129517488
15,2010,2010-01-01,0.476288788367523,0.45201226292304597,0.491558019800445,0.497120104351471,0.468556462500889,0.5744874838938641,0.508890066399571,0.32448795040394995,0.48623013812821303,0.40150227921249504,0.40174069276635005,0.494320236058323,0.503833981819756,0.531344185533862,0.444923006852991,0.33738986923275405,0.524902383764016,0.521623595660045,0.766188661958508,0.717174892075667,0.782087563591517,0.822181373611605,0.806619112173669,0.849828929641238,0.7971333531873059,0.61667424891436,0.752783064906144,0.752286917994296,0.727467797610979,0.780735207519604,0.781851662318815,0.7851055778711911,0.739512103723292,0.613240207675232,0.804587134856637,0.847359421246874,0.8414626822881219,0.807534330062582,0.858174687612999,0.88076337317098,0.870449448672486,0.897864488403814,0.860477498943947,0.710128142601566,0.840220591191056,0.827782149646235,0.814909579701693,0.850053930657573,0.853247010925647,0.852011161049941,0.825097010432644,0.702748443110385,0.8767156871581689,0.9100661039016193,0.535847279194128,0.36515302862556,0.52616587925073,0.543518363440603,0.539222841377759,0.510856914819624,0.616787765242887,0.359718840991718,0.383669020500913,0.352308250795785,0.321399674825232,0.433362140496651,0.56315641799508,0.40873550371601597,0.525390897094393,0.39223460296959,0.24017065757342804,0.412593939186512,0.34885630223086495,0.550288813172823,0.628813356624641,0.328373677339586,0.450080888481721,0.297559338817702,0.28563185591031903,0.900890841944522,0.25539920010335304,0.28773316424589,0.326603751306485,0.29976534290705403,0.40355664044332595,0.859095684295851,0.9088716908446497,0.9697232107685522,0.9642764341876064,0.9824138124334324,0.19005985583566898,0.307735631324373,0.34800070258927096,0.776259640993654,0.9197675188188963,0.9678117784933364
16,2011,2011-01-01,0.46363841566518804,0.43593215270624996,0.478352513586361,0.488902973110924,0.45816850746219195,0.5720260651372391,0.498742555671038,0.30458635911785603,0.47189234737670105,0.402771957951502,0.39157872356146395,0.479815719239053,0.49078256804459397,0.510188838957838,0.43404247568493604,0.324146322653296,0.512898400413702,0.50794671196035,0.762193365976291,0.706397724083853,0.779567781528704,0.824550343331507,0.809788460287244,0.84969032681222,0.795096114097152,0.6151087356701239,0.7440204358009219,0.75212684265247,0.72066947934326,0.77782008306533,0.7769454704559831,0.7861970140796339,0.7349372641720591,0.6036549670488369,0.802015256607923,0.8470070179778351,0.836845455283994,0.800364412797598,0.854797085169976,0.878919828496837,0.869994390667607,0.893861513049401,0.85617397824085,0.7068847646042751,0.836673832266396,0.834369091375945,0.815808048911226,0.845520751784564,0.8456112138417999,0.846705502317975,0.819508846097419,0.69294745181189,0.873689121011447,0.907332996249471,0.527850349966791,0.34039109120745203,0.514014719337897,0.538494556459383,0.532567042145793,0.501958928642569,0.615620874042778,0.33590812130564496,0.351288588293858,0.336261709686015,0.304473635617453,0.42125570776255705,0.558619080403087,0.382309050738875,0.515155081678192,0.363519043935702,0.22573387066751005,0.39043575283284204,0.34084656993653095,0.544271612438701,0.6174127365498789,0.31072298557130795,0.415852738742548,0.277820398739809,0.27375320274928205,0.895265781304873,0.2383061731024,0.28009506040710097,0.316235802085319,0.291816835834798,0.388025374704303,0.852630408704493,0.897580149055754,0.9699329226091497,0.962897224548174,0.9852426966618951,0.18120460389433202,0.29556387561199304,0.333337884668106,0.760185318843269,0.9163113602094569,0.9657421985499484
17,2012,2012-01-01,0.45280090503597403,0.426314146390701,0.468286081055063,0.474122834401699,0.44181774197908597,0.558242891445067,0.48531968680929505,0.312411478175039,0.45805850946985704,0.382042349264343,0.36889089436367095,0.47725045575857405,0.485020057570406,0.499263565939126,0.414213538756543,0.31307584107574904,0.500322027351159,0.49764949540607695,0.756787542351012,0.698750840976213,0.76945260722637,0.823920874747029,0.8069407620367071,0.853178170841132,0.791368418262896,0.601971734896654,0.735307906121424,0.745936605767114,0.713631755831157,0.773042724644756,0.771514856015738,0.770011608140889,0.7344571175237791,0.594464048361373,0.794057375243821,0.845135042921785,0.837167910411589,0.801791069309719,0.852961999474484,0.878254495781171,0.868943571541549,0.893537031822022,0.856072016448011,0.71297037848204,0.835601324391558,0.8327348933668131,0.8174004221889211,0.84363978151736,0.848498889611926,0.845347104935021,0.8171770359329991,0.6985006023193401,0.872953498415692,0.9057361668288637,0.514004523683221,0.326612373400448,0.5062345211629831,0.523341212961232,0.5132977147693609,0.48122876656353997,0.597829666102477,0.316423092783505,0.344399385481146,0.327667848492184,0.292088633210952,0.41622667443150596,0.541959111553744,0.39261954966622803,0.501069842975826,0.348584388542157,0.22327793610842805,0.36852236036142005,0.332194346970605,0.531093566998852,0.5997930577470449,0.29628470714449895,0.39730520078090603,0.27437395478140003,0.26771005462794195,0.891234651756194,0.23488272548266997,0.271835636650548,0.30711382719106695,0.27955309497871905,0.38412615882337,0.844139916837389,0.899886199818233,0.9635200243558527,0.9554729126243494,0.9807570594213924,0.17480866122064698,0.289316830484859,0.32528580856170297,0.749063541136333,0.9122677419939771,0.9656995184662969
